,Label,Parameter,Implication(s),Label,Ck,Qui,Ka ,Ku,RGS,MsS,AdS,SCa,Sal,NCa,Ba,Cam,Ter,CR,RE,PR,FC,It,Sp,Fr,Ptg,Rm,SaG,CGA,CGB,Grk,RPA,RPB,PhA,PhB,Cap,CyG,Got,OE,E,Du,Afk,D,Da,Ice,Fa,Nor,Blg,SC,Slo,Po,Rus,Ir,Wel,Ma,Hi,Far,Pas,Ta,Te,Man,Can,Inu,Jap,Kor,Ar,Heb,Hu,KhA,KhB,Est,Fin,mMA,mMB,UdA,UdB,Yu,EvA,EvB,Ek,Ya,Uz,Kaz,Kyr,Tur,Bur,cB,wB,Wo,Mal,Mly,Arc,Lak,Label,
1,FGP,± grammaticalized person                         ,,FGP,+,+,+,+,+,+,+,+,+,+,+,+,+,+,+,+,+,+,+,+,+,+,+,+,+,+,+,+,+,+,+,+,+,+,+,+,+,+,+,+,+,+,+,+,+,+,+,+,+,+,+,+,+,+,+,-,-,+,-,-,+,+,+,+,+,+,+,+,+,+,+,+,+,+,+,+,+,+,+,+,+,+,+,+,+,-,-,+,FGP,1
2,FGM,± grammaticalized morphology,,FGM,+,+,+,+,+,+,+,+,+,+,+,+,+,+,+,+,+,+,+,+,+,+,+,+,+,+,+,+,+,+,+,+,+,+,+,+,+,+,+,+,+,+,+,+,+,+,+,+,+,+,+,+,+,+,+,-,-,+,+,+,+,+,+,+,+,+,+,+,+,+,+,+,+,+,+,+,+,+,+,+,+,+,+,+,+,+,+,+,FGM,2
3,FGK,± grammaticalized case,+FGM,FGK,+,+,-,+,+,+,+,+,+,+,+,+,+,+,+,+,+,+,+,+,+,+,+,+,+,+,+,+,+,+,+,+,+,+,+,+,+,+,+,+,+,+,+,+,+,+,+,+,+,+,+,+,+,+,+,0,0,+,+,+,+,+,+,+,+,+,+,+,+,+,+,+,+,+,+,+,+,+,+,+,+,+,+,-,+,-,+,+,FGK,3
4,FPC,± grammaticalized perception,,FPC,-,-,+,-,-,-,-,-,-,-,-,-,-,-,-,-,-,-,-,-,-,-,-,-,-,-,-,-,-,-,-,-,-,-,-,-,-,-,-,-,-,-,-,-,-,-,-,-,-,-,-,-,-,-,-,-,-,-,-,-,-,-,-,-,-,-,-,-,-,-,-,-,-,-,-,-,-,-,-,-,-,-,-,-,-,-,-,-,FPC,4
5,FGT,± grammaticalized temporality,,FGT,-,-,-,+,-,-,-,-,-,-,-,-,-,-,-,-,-,-,-,-,-,-,-,-,-,-,-,-,-,-,-,-,-,-,-,-,-,-,-,-,-,-,-,-,-,-,-,-,-,-,-,-,-,-,-,-,-,-,-,-,-,-,-,-,-,-,-,-,-,-,-,-,-,-,-,-,-,-,-,-,-,-,-,+,-,-,-,-,FGT,5
6,FGN,± gramm. Number,,FGN,-,+,+,-,+,+,+,+,+,+,+,+,+,+,+,+,+,+,+,+,+,+,+,+,+,+,+,+,+,+,+,+,+,+,+,+,+,+,+,+,+,+,+,+,+,+,+,+,+,+,+,+,+,+,+,-,-,+,-,-,+,+,+,+,+,+,+,+,+,+,+,+,+,+,+,+,+,+,+,+,+,+,+,+,+,+,+,+,FGN,6
7,GCO,± grammaticalized collective number,-FGN,GCO,+,0,0,+,0,0,0,0,0,0,0,0,0,0,0,0,0,0,0,0,0,0,0,0,0,0,0,0,0,0,0,0,0,0,0,0,0,0,0,0,0,0,0,0,0,0,0,0,0,0,0,0,0,0,0,-,-,0,-,-,0,0,0,0,0,0,0,0,0,0,0,0,0,0,0,0,0,0,0,0,0,0,0,0,0,0,0,0,GCO,7
8,PLS,± plurality spreading,+FGM& -FGN ,PLS,-,0,0,-,0,0,0,0,0,0,0,0,0,0,0,0,0,0,0,0,0,0,0,0,0,0,0,0,0,0,0,0,0,0,0,0,0,0,0,0,0,0,0,0,0,0,0,0,0,0,0,0,0,0,0,0,0,0,-,+,0,0,0,0,0,0,0,0,0,0,0,0,0,0,0,0,0,0,0,0,0,0,0,0,0,0,0,0,PLS,8
9,FND,± number in D,+FGN or +GCO,FND,-,-,-,+,+,+,+,+,+,+,+,+,+,+,+,+,+,+,+,+,+,+,+,+,+,+,+,+,+,+,+,+,+,+,+,+,+,+,+,+,+,+,+,+,+,+,+,+,+,+,+,+,+,+,+,0,0,+,0,0,+,+,+,+,+,+,+,+,+,+,+,+,+,+,+,+,+,+,+,+,+,+,+,+,+,-,+,+,FND,9
10,FSN,± feature spread to N,+FND,FSN,0,0,0,+,+,+,+,+,+,+,+,+,+,+,+,+,+,+,+,+,+,+,+,+,+,+,+,+,+,+,+,+,+,+,+,+,+,+,+,+,+,+,+,+,+,+,+,+,+,+,+,+,+,+,+,0,0,+,0,0,+,+,+,+,+,+,+,+,+,+,+,+,+,+,+,+,+,+,+,+,+,-,-,-,-,0,+,+,FSN,10
11,FNN,± number on N,+FSN,FNN,0,0,0,+,+,+,+,+,+,+,-,-,-,+,+,+,+,+,+,-,+,+,+,+,+,+,+,+,+,+,+,+,+,+,+,+,+,+,+,+,+,+,+,+,+,+,+,+,+,+,+,+,+,+,+,0,0,+,0,0,+,+,+,+,+,+,+,+,+,+,+,+,+,+,+,+,+,+,+,+,+,0,0,0,0,0,+,+,FNN,11
12,FSG,± semantic gender ,+FGN,FSG,0,-,+,0,+,+,+,+,+,+,+,+,+,+,+,+,+,+,+,+,+,+,+,+,+,+,+,+,+,+,+,+,+,+,+,+,+,+,+,+,+,+,+,+,+,+,+,+,+,+,+,-,+,+,+,0,0,-,0,0,+,+,-,-,-,-,-,-,-,-,-,-,-,-,-,-,-,-,-,-,-,+,+,-,-,-,+,+,FSG,12
13,FGG,± grammaticalized gender,+FGN,FGG,0,-,+,0,+,+,+,+,+,+,+,+,+,+,+,+,+,+,+,+,+,+,+,+,+,+,+,+,+,+,+,+,+,+,-,+,-,+,+,+,+,+,+,+,+,+,+,+,+,+,+,-,+,+,+,0,0,-,0,0,+,+,-,-,-,-,-,-,-,-,-,-,-,-,-,-,-,-,-,-,-,-,+,+,-,-,+,+,FGG,13
14,CGB,± unbounded sg N,+FND,CGB,0,0,0,-,-,-,-,-,-,-,-,-,-,-,-,-,-,-,-,-,-,-,-,-,-,-,-,-,-,-,-,-,-,-,-,-,-,-,-,-,-,-,-,-,-,-,-,-,-,+,+,+,-,+,+,0,0,+,0,0,-,-,+,+,+,-,-,+,+,+,+,+,+,+,+,+,+,+,+,+,+,-,-,+,-,0,+,+,CGB,14
15,DGR,± grammaticalized Specified Quantity,+FGP or +FGN,DGR,-,-,-,-,+,+,+,+,+,+,+,+,+,+,+,+,+,+,+,+,+,+,+,+,+,+,+,+,+,+,+,+,-,+,+,+,+,+,+,+,+,+,+,-,-,-,-,+,+,-,-,-,-,-,-,0,0,-,0,0,+,+,+,-,-,-,-,-,-,-,-,-,-,-,-,-,-,-,-,-,-,-,-,+,-,-,-,-,DGR,15
16,DGP,± grammaticalized text anaphora   ,¬+DGR   ,DGP,-,+,+,-,0,0,0,0,0,0,0,0,0,0,0,0,0,0,0,0,0,0,0,0,0,0,0,0,0,0,0,0,+,0,0,0,0,0,0,0,0,0,0,-,-,-,-,0,0,-,-,-,-,-,-,-,-,-,-,-,0,0,0,-,-,-,-,-,-,-,-,-,-,-,-,-,-,-,-,-,-,-,-,0,+,+,+,+,DGP,16
17,CGR,± strong Specified Quantity,+FSN& -CGB& +DGR,CGR,0,0,0,0,+,+,+,+,+,+,+,+,+,+,+,+,+,+,+,+,+,+,+,+,+,+,+,+,+,+,+,+,0,-,+,+,+,+,+,-,+,+,-,0,0,0,0,-,-,0,0,0,0,0,0,0,0,0,0,0,-,-,0,0,0,0,0,0,0,0,0,0,0,0,0,0,0,0,0,0,0,0,0,0,0,0,0,0,CGR,17
18,NSD,± strong person ,(+FND& ¬+FSN) or +DGR ,NSD,0,0,0,0,+,+,+,+,+,+,+,+,+,+,+,+,+,+,+,+,+,+,+,+,+,+,+,+,+,+,+,+,0,-,-,-,-,-,-,-,-,-,+,0,0,0,0,-,-,0,0,0,0,0,0,0,0,0,0,0,+,+,+,0,0,0,0,0,0,0,0,0,0,0,0,0,0,0,0,0,0,+,+,-,+,0,0,0,NSD,18
19,FVP,± variable person,+NSD,FVP,0,0,0,0,+,-,+,+,-,+,-,-,-,-,-,-,-,-,+,-,-,-,-,+,+,+,+,+,-,-,-,+,0,0,0,0,0,0,0,0,0,0,+,0,0,0,0,0,0,0,0,0,0,0,0,0,0,0,0,0,+,-,-,0,0,0,0,0,0,0,0,0,0,0,0,0,0,0,0,0,0,+,+,0,-,0,0,0,FVP,19
20,DGD,± grammaticalized distality,(+FND& ¬+FSN) or +DGR,DGD,0,0,0,0,-,-,-,-,-,-,-,-,-,-,-,-,-,-,-,-,-,-,-,-,-,-,-,-,-,-,-,-,0,-,-,-,-,-,-,-,-,-,-,0,0,0,0,-,-,0,0,0,0,0,0,0,0,0,0,0,-,-,-,0,0,0,0,0,0,0,0,0,0,0,0,0,0,0,0,0,0,-,+,+,-,0,0,0,DGD,20
21,DPQ,± free null partitive Q,+FNN& -CGB,DPQ,0,0,0,-,-,-,-,-,-,-,0,0,0,0,0,0,0,-,-,0,-,-,-,-,-,-,-,-,-,-,-,-,-,-,-,-,-,-,-,-,-,-,-,-,-,-,-,-,-,0,0,0,-,0,0,0,0,0,0,0,-,-,0,0,0,+,+,0,0,0,0,0,0,0,0,0,0,0,0,0,0,0,0,0,0,0,0,0,DPQ,21
22,DCN,± article-checking N,(+FND& ¬+FSN) or +DGR,DCN,0,0,0,0,-,-,-,-,-,-,-,-,-,-,-,-,-,-,-,-,-,+,-,-,-,-,+,+,+,+,+,-,0,-,-,-,-,-,+,+,+,+,+,0,0,0,0,-,-,0,0,0,0,0,0,0,0,0,0,0,-,-,-,0,0,0,0,0,0,0,0,0,0,0,0,0,0,0,0,0,0,-,-,-,-,0,0,0,DCN,22
23,DNN,± null-N-licensing art ,-DCN,DNN,0,0,0,0,-,-,-,-,-,-,-,-,-,-,-,-,-,-,+,-,+,0,-,-,-,-,0,0,0,0,0,-,0,?,-,+,+,+,0,0,0,0,0,0,0,0,0,-,-,0,0,0,0,0,0,0,0,0,0,0,-,-,-,0,0,0,0,0,0,0,0,0,0,0,0,0,0,0,0,0,0,+,+,?,-,0,0,0,DNN,23
24,DIN,± D-controlled inflection on N,+FSN,DIN,0,0,0,-,-,-,-,-,-,-,-,-,-,-,-,-,-,-,-,-,-,-,-,-,-,-,-,-,-,-,-,-,-,-,-,-,-,-,-,-,-,-,-,-,-,-,-,-,-,-,-,-,-,-,-,0,0,-,0,0,+,-,-,-,-,-,-,-,-,-,-,-,-,-,-,-,-,-,-,-,-,0,0,0,0,0,-,-,DIN,24
25,FGC,± grammaticalized classifier,¬+FND,FGC,-,-,+,0,0,0,0,0,0,0,0,0,0,0,0,0,0,0,0,0,0,0,0,0,0,0,0,0,0,0,0,0,0,0,0,0,0,0,0,0,0,0,0,0,0,0,0,0,0,0,0,0,0,0,0,+,+,0,+,+,0,0,0,0,0,0,0,0,0,0,0,0,0,0,0,0,0,0,0,0,0,0,0,0,0,+,0,0,FGC,25
26,DBC,± strong classifier,-FGM& +FGC,DBC,0,0,0,0,0,0,0,0,0,0,0,0,0,0,0,0,0,0,0,0,0,0,0,0,0,0,0,0,0,0,0,0,0,0,0,0,0,0,0,0,0,0,0,0,0,0,0,0,0,0,0,0,0,0,0,+,-,0,0,0,0,0,0,0,0,0,0,0,0,0,0,0,0,0,0,0,0,0,0,0,0,0,0,0,0,0,0,0,DBC,26
27,XCN,± conjugated nouns,+FGP or +FGN,XCN,-,-,-,-,-,-,-,-,-,-,-,-,-,-,-,-,-,-,-,-,-,-,-,-,-,-,-,-,-,-,-,-,-,-,-,-,-,-,-,-,-,-,-,-,-,-,-,-,-,-,-,-,-,+,+,0,0,-,0,0,-,-,-,-,-,-,-,-,-,-,-,-,-,-,-,-,-,-,-,-,-,-,-,-,-,-,-,-,XCN,27
28,GSC,± c-selection,,GSC,+,-,-,+,+,+,+,+,+,+,+,+,+,+,+,+,+,+,+,+,+,+,+,+,+,+,+,+,+,+,+,+,+,+,+,+,+,+,+,+,+,+,+,+,+,+,+,+,+,+,+,+,+,+,+,-,-,-,-,-,+,+,-,-,-,+,+,+,+,+,+,+,+,+,+,+,+,+,+,+,+,-,-,-,+,+,+,+,GSC,28
29,NOE,± N over external argument                    ,,NOE,-,-,+,+,+,+,+,+,+,+,+,+,+,+,+,+,+,+,+,+,+,+,+,+,+,+,+,+,+,+,+,+,+,+,-,+,+,+,-,+,-,-,+,+,+,+,+,+,+,+,+,+,+,+,+,-,-,+,+,+,+,+,+,+,+,+,+,+,+,+,+,+,+,+,+,+,+,+,+,+,+,+,+,+,+,+,+,+,NOE,29
30,HMP,± NP-heading modifier,,HMP,-,-,+,+,-,-,-,-,-,-,-,-,-,-,-,-,-,-,-,-,-,-,-,-,-,-,-,-,-,-,-,-,-,-,-,-,-,-,-,-,-,-,-,-,-,-,-,-,-,-,-,-,-,-,-,-,-,-,-,-,-,-,-,-,-,-,-,-,-,-,-,-,-,-,-,-,-,-,-,-,-,-,-,-,-,-,-,-,HMP,30
31,ADJ,± Adjectives,,ADJ,-,+,+,+,+,+,+,+,+,+,+,+,+,+,+,+,+,+,+,+,+,+,+,+,+,+,+,+,+,+,+,+,+,+,+,+,+,+,+,+,+,+,+,+,+,+,+,+,+,+,+,+,+,-,-,+,+,-,-,-,+,+,+,+,+,+,+,+,+,+,+,+,+,+,+,+,+,+,+,+,+,+,+,+,+,+,+,+,ADJ,31
32,ARR,± free reduced relatives,+ADJ,ARR,0,+,-,-,+,+,+,+,+,+,+,+,+,+,+,+,+,+,+,+,+,+,+,+,+,+,-,-,-,-,-,+,+,-,-,-,-,-,-,-,-,-,-,-,-,-,-,-,-,+,+,+,+,0,0,-,-,0,0,0,-,-,-,-,-,-,-,-,-,-,-,+,-,-,-,-,+,-,-,-,-,-,-,+,-,-,-,-,ARR,32
33,AST,± structured APs,+ARR,AST,0,-,0,0,+,+,+,+,+,+,+,+,+,+,+,+,+,+,+,+,+,+,+,+,+,+,0,0,0,0,0,+,+,0,0,0,0,0,0,0,0,0,0,0,0,0,0,0,0,+,+,+,+,0,0,0,0,0,0,0,0,0,0,0,0,0,0,0,0,0,0,-,0,0,0,0,-,0,0,0,0,0,0,-,0,0,0,0,AST,33
34,FFS,± feature spread to structured  APs ,+FSN& (-ARR or +AST),FFS,0,0,0,+,+,+,+,+,+,+,+,+,+,+,+,+,+,+,+,+,+,+,+,+,+,+,+,+,+,+,+,+,+,+,-,+,-,+,+,+,+,+,+,+,+,+,+,+,+,+,+,-,+,0,0,0,0,0,0,0,+,+,-,-,-,+,+,-,-,-,-,0,+,-,+,-,0,-,-,-,-,0,0,0,0,0,+,+,FFS,34
35,ADI,± D-controlled inflection on  A, -NSD& +FFS,ADI,0,0,0,0,0,0,0,0,0,0,0,0,0,0,0,0,0,0,0,0,0,0,0,0,0,0,0,0,0,0,0,0,0,+,0,+,0,+,+,+,+,+,0,0,0,0,0,-,-,0,0,0,0,0,0,0,0,0,0,0,0,0,0,0,0,0,0,0,0,0,0,0,0,0,0,0,0,0,0,0,0,0,0,0,0,0,0,0,ADI,35
36,EZ1,± generalized linker                        ,,EZ1,-,-,-,-,-,-,-,-,-,-,-,-,-,-,-,-,-,-,-,-,-,-,-,-,-,-,-,-,-,-,-,-,-,-,-,-,-,-,-,-,-,-,-,-,-,-,-,-,-,-,-,+,-,-,-,+,+,-,-,-,-,-,-,-,-,-,-,-,-,-,-,-,-,-,-,-,-,-,-,-,-,-,-,+,-,-,-,-,EZ1,36
37,EZ2,± non-clausal linker,-EZ1,EZ2,-,-,-,-,-,-,-,-,-,-,-,-,-,-,-,-,-,-,-,-,-,-,-,-,-,-,-,-,-,-,-,-,-,-,-,-,-,-,-,-,-,-,-,-,-,-,-,-,-,-,-,0,-,-,-,0,0,-,+,+,-,-,-,-,-,-,-,-,-,-,-,-,-,-,-,-,-,-,-,-,-,-,-,0,+,-,-,-,EZ2,37
38,EZ3,± non-genitive linker,-EZ2,EZ3,-,-,-,-,-,-,-,-,-,-,-,-,-,-,-,-,-,-,-,-,-,-,-,-,-,-,-,-,-,-,-,-,-,-,-,-,-,-,-,-,-,-,-,-,-,-,-,-,-,-,-,0,-,-,-,0,0,-,0,0,-,-,-,-,-,-,-,-,-,-,-,+,-,-,-,-,-,-,-,-,-,+,+,0,0,-,-,-,EZ3,38
39,DMP,± def matching pronominal possessives,+DCN,DMP,0,0,0,0,0,0,0,0,0,0,0,0,0,0,0,0,0,0,0,0,0,+,0,0,0,0,-,-,-,-,-,0,0,0,0,0,0,0,-,+,-,+,+,0,0,0,0,0,0,0,0,0,0,0,0,0,0,0,0,0,0,0,0,0,0,0,0,0,0,0,0,0,0,0,0,0,0,0,0,0,0,0,0,0,0,0,0,0,DMP,39
40,DMG,± def matching genitives,+DMP,DMG,0,0,0,0,0,0,0,0,0,0,0,0,0,0,0,0,0,0,0,0,0,+,0,0,0,0,0,0,0,0,0,0,0,0,0,0,0,0,0,-,0,-,-,0,0,0,0,0,0,0,0,0,0,0,0,0,0,0,0,0,0,0,0,0,0,0,0,0,0,0,0,0,0,0,0,0,0,0,0,0,0,0,0,0,0,0,0,0,DMG,40
41,GCN,± Poss°-checking N                       ,,GCN,+,-,+,+,-,-,-,-,-,-,-,-,-,-,-,-,-,-,-,-,-,-,-,-,-,-,-,-,-,-,-,-,-,-,-,-,-,-,-,-,-,-,-,-,-,-,-,-,-,-,-,-,-,-,-,-,-,+,-,-,+,+,+,+,+,-,+,+,+,+,+,+,+,+,+,+,+,+,+,+,-,-,-,-,+,-,-,-,GCN,41
42,GFN,± Gen-feature spread to Poss°              ,+FGP or +FGN& +GCN              ,GFN,+,0,+,-,0,0,0,0,0,0,0,0,0,0,0,0,0,0,0,0,0,0,0,0,0,0,0,0,0,0,0,0,0,0,0,0,0,0,0,0,0,0,0,0,0,0,0,0,0,0,0,0,0,0,0,0,0,+,0,0,-,-,+,+,+,0,+,+,+,+,+,-,+,+,+,+,+,+,+,+,0,0,0,0,-,0,0,0,GFN,42
43,GAL,± Dependent Case in NP                    ,+GSC,GAL,-,0,0,-,-,-,-,-,-,-,-,-,-,-,-,-,-,-,-,-,-,-,-,-,-,-,-,-,-,-,-,-,-,-,-,-,-,-,-,-,-,-,-,-,-,-,-,-,-,-,-,-,-,+,+,0,0,0,0,0,+,+,0,0,0,+,+,+,+,+,+,+,+,+,+,+,+,+,+,+,+,0,0,0,+,-,+,+,GAL,43
44,GUN,± uniform genitive,-GCN,GUN,0,+,0,0,-,-,-,-,-,-,-,-,-,-,-,-,-,-,-,-,-,-,-,-,-,-,-,-,-,-,-,-,-,-,-,-,-,-,-,-,-,-,-,-,-,-,-,-,-,-,-,-,-,-,-,-,-,0,-,-,0,0,0,0,0,-,0,0,0,0,0,0,0,0,0,0,0,0,0,0,-,-,-,-,0,-,-,-,GUN,44
45,GAD,± adpositional Gen,+FGM& ¬+GFN& ¬+GUN,GAD,0,0,0,-,+,+,+,+,+,+,+,+,+,+,+,+,+,+,+,+,+,+,-,-,-,-,-,-,-,-,-,-,-,-,+,+,+,+,+,+,+,+,+,-,-,-,-,+,+,+,+,-,+,+,-,0,0,0,-,-,+,+,0,0,0,-,0,0,0,0,0,-,0,0,0,0,0,0,0,0,-,+,+,-,-,-,-,-,GAD,45
46,GFO,± GenO,+NOE& ¬+GUN,GFO,0,0,-,-,-,-,-,-,-,-,-,-,-,-,-,-,-,-,-,-,-,-,+,+,+,+,+,+,+,+,+,+,+,+,0,-,-,+,0,+,0,0,-,+,+,+,+,+,+,-,-,+,-,-,+,0,0,-,+,+,+,+,-,-,-,+,+,-,-,+,+,-,-,-,-,-,-,-,-,-,+,-,-,+,+,-,-,-,GFO,46
47,PGO,± partial GenO,-GFO,PGO,0,0,-,-,-,-,-,-,-,+,-,-,-,-,-,-,-,-,-,-,-,-,0,0,0,0,0,0,0,0,0,0,0,0,0,-,-,0,0,0,0,0,-,0,0,0,0,0,0,-,-,0,-,-,0,0,0,-,0,0,0,0,-,-,-,0,0,-,-,0,0,-,-,-,-,-,-,-,-,-,0,-,-,0,0,-,-,-,PGO,47
48,GFS,± GenS ,(¬+CGR or ¬-NSD)& ¬+NSD& ¬+GFN& ¬+GUN& ((¬+EZ1& ¬+EZ2) or ¬-GFO)& (¬-CGR or ¬+GFO) & ¬+DMG ,GFS,0,0,0,+,0,0,0,0,0,0,0,0,0,0,0,0,0,0,0,0,0,0,0,0,0,0,0,0,0,0,0,0,+,0,0,0,0,0,0,0,0,0,0,-,-,-,-,0,0,-,-,-,-,-,+,+,+,0,+,+,0,0,0,0,0,+,0,0,0,0,0,+,0,0,0,0,0,0,0,0,+,0,0,-,0,+,+,+,GFS,48
49,GIT,± Genitive-licensing iterator              ,,GIT,-,-,+,-,-,-,-,-,-,-,-,-,-,-,-,-,-,-,-,-,-,+,-,-,-,-,-,-,-,-,-,-,-,-,-,-,-,-,-,-,-,-,-,-,-,-,-,-,-,-,-,-,-,-,-,-,-,+,-,-,-,-,-,-,-,-,-,-,-,-,-,-,-,-,-,-,-,-,-,-,-,-,-,+,-,-,-,-,GIT,49
50,GSI,± grammaticalized inalienability    ,,GSI,+,-,+,+,-,-,-,-,-,-,-,-,-,-,-,-,-,-,-,-,-,-,-,-,-,-,-,-,-,-,-,-,-,-,-,-,-,-,-,-,-,-,-,-,-,-,-,-,-,-,-,-,-,-,-,-,-,-,-,-,-,-,-,-,-,-,-,-,-,-,-,-,-,-,-,-,-,-,-,-,-,-,-,-,-,-,-,-,GSI,50
51,ALP,± alienable possession,-GSI,ALP,0,-,0,0,-,-,-,-,-,-,-,-,-,-,-,-,-,-,-,-,-,-,-,-,-,-,-,-,-,-,-,-,-,-,-,-,-,-,-,-,-,-,-,-,-,-,-,-,-,-,-,-,-,-,-,-,-,-,-,-,-,-,-,-,-,-,-,-,-,-,-,-,+,+,+,-,-,-,-,-,-,-,-,-,-,-,-,-,ALP,51
52,GST,± grammaticalized genitive     ,+GSI,GST,-,0,+,-,0,0,0,0,0,0,0,0,0,0,0,0,0,0,0,0,0,0,0,0,0,0,0,0,0,0,0,0,0,0,0,0,0,0,0,0,0,0,0,0,0,0,0,0,0,0,0,0,0,0,0,0,0,0,0,0,0,0,0,0,0,0,0,0,0,0,0,0,0,0,0,0,0,0,0,0,0,0,0,0,0,0,0,0,GST,52
53,GEI,± genitive inversion,+GFN,GEI,-,0,+,0,0,0,0,0,0,0,0,0,0,0,0,0,0,0,0,0,0,0,0,0,0,0,0,0,0,0,0,0,0,0,0,0,0,0,0,0,0,0,0,0,0,0,0,0,0,0,0,0,0,0,0,0,0,+,0,0,0,0,-,-,-,0,-,-,-,-,-,0,-,-,-,-,-,-,-,-,0,0,0,0,0,0,0,0,GEI,53
54,GNR,± non-referential head marking,-DGR& +GFN& -GSI,GNR,0,0,0,0,0,0,0,0,0,0,0,0,0,0,0,0,0,0,0,0,0,0,0,0,0,0,0,0,0,0,0,0,0,0,0,0,0,0,0,0,0,0,0,0,0,0,0,0,0,0,0,0,0,0,0,0,0,-,0,0,0,0,0,+,+,0,+,+,+,+,+,0,-,-,-,-,-,-,-,-,0,0,0,0,0,0,0,0,GNR,54
55,STC,± structured cardinals, -ADJ or -AST,STC,-,+,0,0,0,0,0,0,0,0,0,0,0,0,0,0,0,0,0,0,0,0,0,0,0,0,0,0,0,0,0,0,0,0,0,0,0,0,0,0,0,0,0,0,0,0,0,0,0,0,0,0,0,+,+,0,0,+,-,-,0,0,0,0,0,0,0,0,0,0,0,-,0,0,0,0,-,0,0,0,0,0,0,+,0,0,0,0,STC,55
56,GPC,± gender polarity cardinals,+FGG,GPC,0,0,-,0,-,-,-,-,-,-,+,-,-,-,-,-,-,-,-,-,-,-,-,-,-,-,-,-,-,-,-,-,-,-,0,-,0,-,-,-,-,-,-,-,-,-,-,-,-,-,-,0,-,-,-,0,0,0,0,0,+,+,0,0,0,0,0,0,0,0,0,0,0,0,0,0,0,0,0,0,0,0,-,-,0,0,-,-,GPC,56
57,PMN,± personal marking on numerals,-DGR& +GFN& -GSI,PMN,0,0,0,0,0,0,0,0,0,0,0,0,0,0,0,0,0,0,0,0,0,0,0,0,0,0,0,0,0,0,0,0,0,0,0,0,0,0,0,0,0,0,0,0,0,0,0,0,0,0,0,0,0,0,0,0,0,-,0,0,0,0,0,-,-,0,-,+,+,+,+,0,-,-,-,-,-,-,-,-,0,0,0,0,0,0,0,0,PMN,57
58,CQU,± cardinal quantifiers,,CQU,+,+,+,+,+,+,+,+,+,+,+,+,+,+,+,+,+,+,+,+,+,+,+,+,+,+,+,+,+,+,+,+,+,+,+,+,+,+,+,+,+,+,+,+,+,+,+,+,+,+,+,+,+,+,+,+,+,+,+,+,-,-,+,+,+,+,+,+,+,+,+,-,+,+,+,+,+,+,+,+,+,+,+,+,+,+,+,+,CQU,58
59,PSC,± number spread from cardinal  quantifiers,+FSN& ¬-STC& +CQU,PSC,0,0,0,+,+,+,+,+,+,+,+,+,+,+,+,+,+,+,+,+,+,+,+,+,+,+,+,+,+,+,+,+,+,+,+,+,+,+,+,+,+,+,+,+,+,+,+,-,-,+,+,-,+,+,+,0,0,+,0,0,0,0,-,-,-,-,-,-,-,-,-,0,+,+,+,-,0,-,-,-,-,0,0,0,0,0,-,-,PSC,59
60,PCA,± number spread through cardinal adjectives, -PSC,PCA,0,0,0,0,0,0,0,0,0,0,0,0,0,0,0,0,0,0,0,0,0,0,0,0,0,0,0,0,0,0,0,0,0,0,0,0,0,0,0,0,0,0,0,0,0,0,0,-,-,0,0,+,0,0,0,0,0,0,0,0,0,0,-,-,-,-,-,-,-,-,-,0,0,0,0,-,0,-,-,-,-,0,0,0,0,0,-,-,PCA,60
61,RHM,± head marking on relative clauses,+FGP,RHM,-,-,-,-,-,-,-,-,-,-,-,-,-,-,-,-,-,-,-,-,-,-,-,-,-,-,-,-,-,-,-,-,-,-,-,-,-,-,-,-,-,-,-,-,-,-,-,-,-,-,-,-,-,-,-,0,0,-,0,0,-,-,+,+,+,-,-,-,-,-,-,-,-,-,-,+,-,-,-,-,-,-,-,-,-,0,0,-,RHM,61
62,FRC,± verbal relative clauses,,FRC,+,-,+,+,+,+,+,+,+,+,+,+,+,+,+,+,+,+,+,+,+,+,+,+,+,+,+,+,+,+,+,+,+,+,+,+,+,+,+,+,+,+,+,+,+,+,+,+,+,+,+,+,+,-,-,+,+,-,+,+,+,+,+,-,+,+,+,-,+,-,+,-,-,-,-,-,-,-,-,-,-,+,+,+,+,+,-,-,FRC,62
63,NRC,± nominalized relative clauses,+FRC,NRC,-,0,-,+,-,-,-,-,-,-,-,-,-,-,-,-,-,-,-,-,-,-,-,-,-,-,-,-,-,-,-,-,-,-,-,-,-,-,-,-,-,-,-,-,-,-,-,-,-,+,-,-,+,0,0,-,-,0,+,-,-,-,-,0,+,-,+,0,+,0,+,0,0,0,0,0,0,0,0,0,0,+,+,-,-,-,0,0,NRC,63
64,NOR,± NP over verbal relative clauses/adpositional genitives,(+FGP or +FGN)&  +FRC,NOR,+,0,+,-,+,+,+,+,+,+,+,+,+,+,+,+,+,+,+,+,+,+,+,+,+,+,-,+,-,-,-,+,+,+,+,+,+,+,+,+,+,+,+,+,+,+,+,+,+,-,-,+,+,0,0,0,0,0,0,0,+,+,+,0,+,+,+,0,+,0,+,0,0,0,0,0,0,0,0,0,0,-,-,+,+,+,0,0,NOR,64
65,AER,± relative extraposition,-NOR,AER,0,0,0,+,0,0,0,0,0,0,0,0,0,0,0,0,0,0,0,0,0,0,0,0,0,0,+,0,-,+,-,0,0,0,0,0,0,0,0,0,0,0,0,0,0,0,0,0,0,+,+,0,0,0,0,0,0,0,0,0,0,0,0,0,0,0,0,0,0,0,0,0,0,0,0,0,0,0,0,0,0,-,-,0,0,0,0,0,AER,65
66,DOR,± def on relatives,+DGR& +FRC,DOR,0,0,0,0,-,-,-,-,-,-,-,-,-,-,-,-,-,-,-,-,-,-,-,-,-,-,-,-,-,-,+,-,0,-,-,-,-,-,-,-,-,-,-,0,0,0,0,-,-,0,0,0,0,0,0,0,0,0,0,0,+,-,-,0,0,0,0,0,0,0,0,0,0,0,0,0,0,0,0,0,0,0,0,+,0,0,0,0,DOR,66
67,NOD,± NP over D,+FGP or +FGN,NOD,?,-,-,-,-,-,-,-,-,-,-,-,-,-,-,-,-,-,-,-,-,-,-,-,-,-,-,-,-,-,-,-,-,-,-,-,-,-,-,-,-,-,-,-,-,-,-,-,-,-,-,-,-,-,-,0,0,-,0,0,-,-,-,-,-,-,-,-,-,-,-,-,-,-,-,-,-,-,-,-,-,+,+,+,-,+,-,-,NOD,67
68,NOP,± NP over non-genitive arguments,(+FGP or +FGN)& (+GSC or +EZ1 or +EZ2 or+EZ3),NOP,+,-,0,+,+,+,+,+,+,+,+,+,+,+,+,+,+,+,+,+,+,+,+,+,+,+,+,+,+,+,+,+,?,?,+,+,+,+,+,+,+,+,+,+,+,+,+,+,+,-,-,+,-,-,-,0,0,0,0,0,+,+,0,0,0,+,+,-,-,-,-,-,-,-,-,-,-,-,-,-,-,-,-,+,+,+,-,-,NOP,68
69,PNP,± P over complement,+FGM& +NOP,PNP,?,0,0,-,+,+,+,+,+,+,+,+,+,+,+,+,+,+,+,+,+,+,+,+,+,+,+,+,+,+,+,+,+,+,+,+,+,+,+,+,+,+,+,+,+,+,+,+,+,0,0,+,0,0,0,0,0,-,0,0,+,+,0,0,0,-,-,0,0,0,0,0,0,0,0,0,0,0,0,0,0,0,0,+,+,+,0,0,PNP,69
70,NPP,± N-raising with obligatory pied-piping, (-ARR or +AST)& +NOR or +NOD,NPP,0,0,-,0,-,-,-,-,-,-,-,-,-,-,-,-,-,-,-,-,-,-,-,-,-,-,0,-,0,0,0,-,-,-,-,-,-,-,-,-,-,-,-,-,-,-,-,-,-,0,0,-,-,0,0,0,0,0,0,0,+,+,-,0,-,-,-,0,-,0,-,0,0,0,0,0,0,0,0,0,0,+,+,0,+,+,0,0,NPP,70
71,NGO,± N over GenO,(+GFO or +PGO)& (+NOR or +NOD or +NOP)& ¬+NPP,NGO,0,0,0,0,0,0,0,0,0,+,0,0,0,0,0,0,0,0,0,0,0,0,+,+,+,+,-,-,-,-,-,+,+,+,0,0,0,+,0,+,0,0,0,+,+,+,+,+,+,0,0,+,0,0,0,0,0,0,0,0,0,0,0,0,0,-,-,0,0,0,-,0,0,0,0,0,0,0,0,0,0,0,0,+,0,0,0,0,NGO,71
72,NOA,± N over As,+NOE& (-ARR or +AST)& (+NOR or +NOD or +NOP)& ¬+NPP& ¬-NGO,NOA,0,0,+,+,+,+,+,+,+,+,+,+,+,+,+,+,+,+,+,+,+,+,+,+,+,-,0,0,0,0,0,-,-,-,0,-,-,-,0,-,0,0,-,-,-,-,-,+,+,0,0,+,-,0,0,0,0,0,0,0,0,0,-,0,-,0,0,0,-,0,0,0,0,0,0,0,0,0,0,0,0,0,0,0,0,0,0,0,NOA,72
73,NM2,± N over M2 As,+NOA,NM2,0,0,+,+,+,+,+,+,+,+,+,+,+,+,+,+,+,+,+,+,+,+,+,+,+,0,0,0,0,0,0,0,0,0,0,0,0,0,0,0,0,0,0,0,0,0,0,+,+,0,0,+,0,0,0,0,0,0,0,0,0,0,0,0,0,0,0,0,0,0,0,0,0,0,0,0,0,0,0,0,0,0,0,0,0,0,0,0,NM2,73
74,NM1,± N over M1 As,+NM2,NM1,0,0,-,+,+,+,+,+,+,+,+,+,+,-,-,-,-,-,-,-,-,-,+,+,+,0,0,0,0,0,0,0,0,0,0,0,0,0,0,0,0,0,0,0,0,0,0,+,+,0,0,+,0,0,0,0,0,0,0,0,0,0,0,0,0,0,0,0,0,0,0,0,0,0,0,0,0,0,0,0,0,0,0,0,0,0,0,0,NM1,74
75,EAF,± fronted high As,+NM1,EAF,0,0,0,-,-,-,-,+,-,-,-,-,-,0,0,0,0,0,0,0,0,0,-,-,-,0,0,0,0,0,0,0,0,0,0,0,0,0,0,0,0,0,0,0,0,0,0,-,-,0,0,-,0,0,0,0,0,0,0,0,0,0,0,0,0,0,0,0,0,0,0,0,0,0,0,0,0,0,0,0,0,0,0,0,0,0,0,0,EAF,75
76,NON,± N over numerals,¬-STC& (-ADJ or -AST or +NPP or +NM1),NON,0,-,0,-,-,-,-,-,-,-,-,-,-,0,0,0,0,0,0,0,0,0,-,-,-,0,0,0,0,0,0,0,0,0,0,0,0,0,0,0,0,0,0,0,0,0,0,-,-,0,0,+,0,-,-,0,0,+,0,0,+,+,0,0,0,0,0,0,0,0,0,0,0,0,0,0,0,0,0,0,0,-,-,-,+,+,0,0,NON,76
77,FPO,± feature spread to genitive adpositions,+GAD,FPO,0,0,0,0,-,-,-,-,-,-,-,-,-,-,-,-,-,-,-,-,-,-,0,0,0,0,0,0,0,0,0,0,0,0,-,-,-,-,-,-,-,-,-,0,0,0,0,-,-,+,+,0,-,-,0,0,0,0,0,0,-,-,0,0,0,0,0,0,0,0,0,0,0,0,0,0,0,0,0,0,0,-,-,0,0,0,0,0,FPO,77
78,ACM,± class MOD,-ARR& +NGO& -NOA,ACM,0,0,0,0,0,0,0,0,0,0,0,0,0,0,0,0,0,0,0,0,0,0,0,0,0,0,0,0,0,0,0,0,0,-,0,0,0,-,0,-,0,0,0,-,-,+,+,0,0,0,0,0,0,0,0,0,0,0,0,0,0,0,0,0,0,0,0,0,0,0,0,0,0,0,0,0,0,0,0,0,0,0,0,0,0,0,0,0,ACM,78
79,DOA,± def on all  +N ,(+DGR& +NSD& (+DCN or +ARR or +NPP or +NOA or +ACM)) or (+CGR& +DCN) ,DOA,0,0,0,0,-,-,-,-,-,-,-,-,-,-,-,-,-,-,-,-,-,-,-,+,-,+,+,+,+,+,+,+,0,0,0,0,0,0,-,0,-,+,-,0,0,0,0,0,0,0,0,0,0,0,0,0,0,0,0,0,+,+,0,0,0,0,0,0,0,0,0,0,0,0,0,0,0,0,0,0,0,0,0,0,0,0,0,0,DOA,79
80,DON,± def on numerals,+DCN& -DOA,DON,0,0,0,0,0,0,0,0,0,0,0,0,0,0,0,0,0,0,0,0,0,-,0,0,0,0,0,0,0,0,0,0,0,0,0,0,0,0,0,0,0,0,+,0,0,0,0,0,0,0,0,0,0,0,0,0,0,0,0,0,0,0,0,0,0,0,0,0,0,0,0,0,0,0,0,0,0,0,0,0,0,0,0,0,0,0,0,0,DON,80
81,NEX,± grammaticalized expletive  article,+NSD& (-CGR or +NPP or +NOA ),NEX,0,0,0,0,-,-,-,-,-,-,-,-,-,+,+,+,+,-,-,-,-,-,+,+,+,0,0,0,0,0,0,0,0,0,0,0,0,0,0,0,0,0,-,0,0,0,0,0,0,0,0,0,0,0,0,0,0,0,0,0,-,-,0,0,0,0,0,0,0,0,0,0,0,0,0,0,0,0,0,0,0,-,-,0,+,0,0,0,NEX,81
82,NCL,± clitic  possessives,+FGP,NCL,-,-,-,-,-,-,-,-,-,-,-,-,-,-,-,-,-,-,-,-,-,-,+,+,+,+,+,+,+,+,+,+,-,-,-,-,-,-,-,-,-,-,-,-,-,-,-,-,-,-,-,+,+,-,-,0,0,-,0,0,-,-,-,-,-,-,-,-,-,-,-,-,-,-,-,-,-,-,-,-,+,-,-,+,+,0,0,-,NCL,82
83,PDC,± article-checking possessives,((+FND& ¬+FSN) or +DGR)& (¬+CGR or +NSD)& (-GCN or -GFN)& (¬+DOA or (+DOA& -DCN)),PDC,0,0,0,0,-,-,-,-,-,-,-,-,-,-,-,-,-,-,+,+,+,-,-,-,-,-,0,0,0,0,0,-,0,+,0,0,0,0,0,+,0,0,-,0,0,0,0,+,+,0,0,0,0,0,0,0,0,0,0,0,-,-,0,0,0,0,0,0,0,0,0,0,0,0,0,0,0,0,0,0,0,-,-,?,-,0,0,0,PDC,83
84,ACL,± enclitic possessives on As                ,+NCL& (¬+DGR or +DOA or -PDC )& ¬+DMP& (-ARR or +AST)                ,ACL,0,0,0,0,0,0,0,0,0,0,0,0,0,0,0,0,0,0,0,0,0,0,+,+,+,+,-,-,+,+,+,+,0,0,0,0,0,0,0,0,0,0,0,0,0,0,0,0,0,0,0,-,-,0,0,0,0,0,0,0,0,0,0,0,0,0,0,0,0,0,0,0,0,0,0,0,0,0,0,0,-,0,0,0,-,0,0,0,ACL,84
85,APO,± adjectival  possessives,+FFS&  (+NPP or +NOA or ¬+PDC),APO,0,0,0,-,+,+,+,+,+,+,+,+,+,+,+,+,+,+,+,-,+,-,-,-,-,-,+,+,+,+,+,-,?,0,0,-,0,-,-,0,-,-,+,+,+,+,+,-,-,-,-,0,-,0,0,0,0,0,0,0,-,-,0,0,0,-,-,0,0,0,0,0,+,0,+,0,0,0,0,0,0,0,0,0,0,0,-,-,APO,85
86,WAP,± wackernagel adjectival possessives,¬+PDC& +APO ,WAP,0,0,0,0,+,+,+,+,-,-,-,-,-,+,-,-,-,-,0,0,0,0,0,0,0,0,-,-,-,-,-,0,?,0,0,0,0,0,0,0,0,0,-,-,-,-,-,0,0,0,0,0,0,0,0,0,0,0,0,0,0,0,0,0,0,0,0,0,0,0,0,0,-,0,-,0,0,0,0,0,0,0,0,0,0,0,0,0,WAP,86
87,AGE,± adjectival genitive,+APO,AGE,0,0,0,0,-,-,-,-,-,-,-,-,-,-,-,-,-,-,-,0,-,0,0,0,0,0,-,-,-,-,-,0,?,0,0,0,0,0,0,0,0,0,+,+,+,-,+,0,0,0,0,0,0,0,0,0,0,0,0,0,0,0,0,0,0,0,0,0,0,0,0,0,-,0,-,0,0,0,0,0,0,0,0,0,0,0,0,0,AGE,87
88,OPK,± obligatory possessive with kinship nouns,+DGR& -GSI,OPK,0,0,0,0,+,+,+,+,+,-,-,-,-,-,-,-,-,-,+,+,+,-,+,+,+,+,+,+,+,+,+,+,0,?,+,?,+,+,-,-,-,-,+,0,0,0,0,+,+,0,0,0,0,0,0,0,0,0,0,0,-,-,+,0,0,0,0,0,0,0,0,0,0,0,0,0,0,0,0,0,0,0,0,?,0,0,0,0,OPK,88
89,TDC,± D-checking demonstratives,((+FND& ¬+FSN) or +DGR)& (¬+DOA or (+DOA& (-NSD or -DCN))),TDC,0,0,0,0,+,+,+,+,+,+,+,+,+,+,+,+,+,+,+,+,+,+,+,-,+,-,0,0,0,0,0,-,0,+,+,+,+,+,+,+,-,+,+,0,0,0,0,-,-,0,0,0,0,0,0,0,0,0,0,0,-,-,-,0,0,0,0,0,0,0,0,0,0,0,0,0,0,0,0,0,0,+,-,+,-,?,0,0,TDC,89
90,TAD,± adjectival demonstratives,+ADJ,TAD,0,-,-,-,-,-,-,-,-,-,-,-,-,-,-,-,-,-,+,-,-,+,-,-,-,+,-,-,+,+,-,+,-,-,-,-,-,-,-,-,-,-,+,+,+,+,+,-,-,-,-,-,-,0,0,-,-,0,0,0,+,+,-,-,-,-,-,-,-,-,-,-,-,-,-,-,-,-,-,-,-,-,-,-,-,-,-,-,TAD,90
91,TDA,± def-checking adjectival demonstratives,¬+ARR& +DOA& (-TDC or +DCN)& ¬-TAD,TDA,0,0,0,0,0,0,0,0,0,0,0,0,0,0,0,0,0,0,0,0,0,0,0,0,0,0,0,0,+,+,0,0,0,0,0,0,0,0,0,0,0,0,0,0,0,0,0,0,0,0,0,0,0,0,0,0,0,0,0,0,-,-,0,0,0,0,0,0,0,0,0,0,0,0,0,0,0,0,0,0,0,0,0,0,0,0,0,0,TDA,91
92,TNL,± NP over Loc,¬+TDC& ¬+TAD,TNL,+,-,-,-,0,0,0,0,0,0,0,0,0,0,0,0,0,0,0,0,0,0,0,-,0,0,-,-,0,0,-,0,-,0,0,0,0,0,0,0,-,0,0,0,0,0,0,+,+,-,-,-,-,-,-,-,-,-,-,-,0,0,-,-,-,-,-,-,-,-,-,-,-,-,-,-,-,-,-,-,-,0,-,0,+,+,-,-,TNL,92
93,TSP,± split deictic demonstratives                    ,+TDC,TSP,0,0,0,0,-,-,-,-,-,-,-,-,+,+,+,-,-,-,-,+,-,-,-,0,-,0,0,0,0,0,0,0,0,-,-,-,-,-,-,-,0,-,-,0,0,0,0,0,0,0,0,0,0,0,0,0,0,0,0,0,0,0,0,0,0,0,0,0,0,0,0,0,0,0,0,0,0,0,0,0,0,-,0,-,0,0,0,0,TSP,93
,,TABLE A,,,Ck,Qui,Ka ,Ku,RGS,MsS,AdS,SCa,Sal,NCa,Ba,Cam,Ter,CR,RE,PR,FC,It,Sp,Fr,Ptg,Rm,SaG,CGA,CGB,Grk,RPA,RPB,PhA,PhB,Cap,CyG,Got,OE,E,Du,Afk,D,Da,Ice,Fa,Nor,Blg,SC,Slo,Po,Rus,Ir,Wel,Ma,Hi,Far,Pas,Ta,Te,Man,Can,Inu,Jap,Kor,Ar,Heb,Hu,KhA,KhB,Est,Fin,mMA,mMB,UdA,UdB,Yu,EvA,EvB,Ek,Ya,Uz,Kaz,Kyr,Tur,Bur,cB,wB,Wo,Mal,Mly,Arc,Lak,,
